{"stats":{"minecraft:picked_up":{"minecraft:orange_terracotta":1,"minecraft:stick":11,"minecraft:rotten_flesh":2,"minecraft:brown_terracotta":12,"minecraft:red_sand":10,"minecraft:cobblestone":3},"minecraft:killed_by":{"minecraft:skeleton":2,"minecraft:spider":1,"minecraft:zombie":3,"minecraft:enderman":1},"minecraft:custom":{"minecraft:time_since_rest":153,"minecraft:sprint_one_cm":6958,"minecraft:play_time":10517,"minecraft:deaths":7,"minecraft:damage_taken":1960,"minecraft:walk_one_cm":14052,"minecraft:mob_kills":1,"minecraft:jump":101,"minecraft:damage_dealt":409,"minecraft:leave_game":2,"minecraft:time_since_death":0,"minecraft:total_world_time":10517,"minecraft:fall_one_cm":520,"minecraft:fly_one_cm":13892},"minecraft:mined":{"minecraft:red_sand":2,"minecraft:dead_bush":14},"minecraft:killed":{"minecraft:zombie":1}},"DataVersion":3465}