{"stats":{"minecraft:picked_up":{"minecraft:stick":4},"minecraft:custom":{"minecraft:jump":196,"minecraft:time_since_rest":832,"minecraft:damage_dealt":725,"minecraft:deaths":2,"minecraft:sprint_one_cm":9825,"minecraft:play_time":5964,"minecraft:damage_taken":583,"minecraft:time_since_death":806,"minecraft:walk_one_cm":9152,"minecraft:sneak_time":7,"minecraft:total_world_time":5964,"minecraft:fall_one_cm":4089,"minecraft:fly_one_cm":23682,"minecraft:player_kills":3},"minecraft:mined":{"minecraft:dead_bush":3}},"DataVersion":3465}