{"stats":{"minecraft:picked_up":{"minecraft:stick":54,"minecraft:crafting_table":1,"minecraft:oak_log":54,"minecraft:carrot":1,"minecraft:red_terracotta":6,"minecraft:dirt":16,"minecraft:orange_terracotta":3,"minecraft:light_gray_terracotta":2,"minecraft:rotten_flesh":4,"minecraft:white_terracotta":4,"minecraft:terracotta":11,"minecraft:oak_sapling":15,"minecraft:oak_planks":16,"minecraft:coal":22,"minecraft:cobblestone":33},"minecraft:broken":{"minecraft:wooden_axe":1},"minecraft:used":{"minecraft:wooden_axe":53,"minecraft:stone_pickaxe":24,"minecraft:wooden_pickaxe":56,"minecraft:white_terracotta":4,"minecraft:red_terracotta":6,"minecraft:rotten_flesh":4,"minecraft:stone_axe":13,"minecraft:dirt":3,"minecraft:terracotta":11,"minecraft:crafting_table":1,"minecraft:light_gray_terracotta":2,"minecraft:orange_terracotta":3},"minecraft:crafted":{"minecraft:oak_planks":24,"minecraft:crafting_table":1,"minecraft:wooden_axe":1,"minecraft:wooden_pickaxe":1,"minecraft:stone_pickaxe":1,"minecraft:stone_axe":1},"minecraft:custom":{"minecraft:time_since_rest":12832,"minecraft:sprint_one_cm":20856,"minecraft:damage_taken":778,"minecraft:walk_one_cm":40174,"minecraft:mob_kills":8,"minecraft:damage_dealt":2615,"minecraft:interact_with_crafting_table":3,"minecraft:player_kills":4,"minecraft:fly_one_cm":41313,"minecraft:crouch_one_cm":60,"minecraft:play_time":17964,"minecraft:deaths":2,"minecraft:sneak_time":411,"minecraft:jump":347,"minecraft:time_since_death":12806,"minecraft:total_world_time":17964,"minecraft:fall_one_cm":7403},"minecraft:mined":{"minecraft:white_terracotta":4,"minecraft:red_terracotta":6,"minecraft:orange_terracotta":3,"minecraft:crafting_table":1,"minecraft:light_gray_terracotta":2,"minecraft:coal_ore":22,"minecraft:grass_block":3,"minecraft:oak_log":52,"minecraft:dead_bush":46,"minecraft:dirt":3,"minecraft:terracotta":9,"minecraft:stone":34,"minecraft:oak_leaves":13},"minecraft:killed":{"minecraft:zombie":8}},"DataVersion":3465}