{"stats":{"minecraft:picked_up":{"minecraft:crafting_table":3,"minecraft:glow_ink_sac":3,"minecraft:wooden_pickaxe":2,"minecraft:oak_log":150,"minecraft:gunpowder":3,"minecraft:dirt":31,"minecraft:orange_terracotta":3,"minecraft:bone":4,"minecraft:cobbled_deepslate":1,"minecraft:stone_pickaxe":2,"minecraft:oak_planks":76,"minecraft:furnace":1,"minecraft:stick":138,"minecraft:raw_iron":15,"minecraft:dripstone_block":114,"minecraft:pointed_dripstone":102,"minecraft:diorite":2,"minecraft:carrot":3,"minecraft:redstone":71,"minecraft:red_terracotta":6,"minecraft:light_gray_terracotta":2,"minecraft:rotten_flesh":4,"minecraft:diamond":3,"minecraft:stone_axe":2,"minecraft:granite":3,"minecraft:white_terracotta":4,"minecraft:terracotta":11,"minecraft:oak_sapling":45,"minecraft:coal":163,"minecraft:cobblestone":126},"minecraft:broken":{"minecraft:wooden_axe":1},"minecraft:used":{"minecraft:diorite":2,"minecraft:stone_pickaxe":119,"minecraft:wooden_pickaxe":56,"minecraft:white_terracotta":4,"minecraft:rotten_flesh":4,"minecraft:dirt":22,"minecraft:terracotta":11,"minecraft:crafting_table":2,"minecraft:light_gray_terracotta":2,"minecraft:granite":3,"minecraft:wooden_axe":53,"minecraft:iron_pickaxe":22,"minecraft:red_terracotta":6,"minecraft:stone_axe":23,"minecraft:furnace":1,"minecraft:orange_terracotta":3},"minecraft:killed_by":{"minecraft:skeleton":1,"minecraft:creeper":1,"minecraft:zombie":1},"minecraft:crafted":{"minecraft:oak_planks":24,"minecraft:crafting_table":1,"minecraft:wooden_pickaxe":1,"minecraft:furnace":1,"minecraft:stone_axe":1,"minecraft:air":0,"minecraft:shield":1,"minecraft:iron_axe":1,"minecraft:iron_ingot":10,"minecraft:iron_pickaxe":1,"minecraft:stone_pickaxe":1,"minecraft:wooden_axe":1},"minecraft:custom":{"minecraft:interact_with_furnace":2,"minecraft:mob_kills":9,"minecraft:interact_with_crafting_table":5,"minecraft:time_since_death":10939,"minecraft:climb_one_cm":966,"minecraft:time_since_rest":10978,"minecraft:sprint_one_cm":50761,"minecraft:damage_taken":1506,"minecraft:walk_one_cm":88952,"minecraft:damage_dealt":3240,"minecraft:fly_one_cm":101017,"minecraft:player_kills":4,"minecraft:open_chest":4,"minecraft:crouch_one_cm":20458,"minecraft:play_time":41964,"minecraft:deaths":5,"minecraft:sneak_time":6422,"minecraft:walk_under_water_one_cm":2730,"minecraft:jump":766,"minecraft:walk_on_water_one_cm":4134,"minecraft:total_world_time":41964,"minecraft:fall_one_cm":24827},"minecraft:mined":{"minecraft:deepslate_redstone_ore":16,"minecraft:deepslate_diamond_ore":3,"minecraft:sculk_vein":1,"minecraft:orange_terracotta":3,"minecraft:crafting_table":2,"minecraft:light_gray_terracotta":2,"minecraft:granite":1,"minecraft:grass_block":3,"minecraft:dead_bush":46,"minecraft:sculk":1,"minecraft:white_terracotta":4,"minecraft:red_terracotta":6,"minecraft:furnace":1,"minecraft:iron_ore":10,"minecraft:cobbled_deepslate":1,"minecraft:sculk_shrieker":5,"minecraft:oak_log":52,"minecraft:pointed_dripstone":6,"minecraft:coal_ore":55,"minecraft:dripstone_block":31,"minecraft:dirt":9,"minecraft:terracotta":9,"minecraft:stone":47,"minecraft:oak_leaves":13},"minecraft:killed":{"minecraft:creeper":1,"minecraft:zombie":8}},"DataVersion":3465}