{"stats":{"minecraft:picked_up":{"minecraft:raw_iron":15,"minecraft:stick":96,"minecraft:crafting_table":2,"minecraft:wooden_pickaxe":1,"minecraft:dripstone_block":68,"minecraft:diorite":2,"minecraft:oak_log":102,"minecraft:pointed_dripstone":102,"minecraft:gunpowder":2,"minecraft:carrot":2,"minecraft:red_terracotta":6,"minecraft:dirt":30,"minecraft:orange_terracotta":3,"minecraft:light_gray_terracotta":2,"minecraft:bone":2,"minecraft:rotten_flesh":4,"minecraft:stone_axe":1,"minecraft:stone_pickaxe":1,"minecraft:granite":3,"minecraft:white_terracotta":4,"minecraft:terracotta":11,"minecraft:oak_sapling":30,"minecraft:oak_planks":46,"minecraft:coal":110,"minecraft:cobblestone":89},"minecraft:broken":{"minecraft:wooden_axe":1},"minecraft:used":{"minecraft:wooden_axe":53,"minecraft:diorite":2,"minecraft:stone_pickaxe":118,"minecraft:wooden_pickaxe":56,"minecraft:white_terracotta":4,"minecraft:red_terracotta":6,"minecraft:rotten_flesh":4,"minecraft:stone_axe":22,"minecraft:dirt":21,"minecraft:terracotta":11,"minecraft:crafting_table":2,"minecraft:furnace":1,"minecraft:light_gray_terracotta":2,"minecraft:granite":3,"minecraft:orange_terracotta":3},"minecraft:killed_by":{"minecraft:skeleton":1,"minecraft:creeper":1},"minecraft:crafted":{"minecraft:oak_planks":24,"minecraft:crafting_table":1,"minecraft:wooden_axe":1,"minecraft:wooden_pickaxe":1,"minecraft:stone_pickaxe":1,"minecraft:furnace":1,"minecraft:stone_axe":1},"minecraft:custom":{"minecraft:time_since_rest":444,"minecraft:interact_with_furnace":1,"minecraft:sprint_one_cm":31797,"minecraft:damage_taken":1208,"minecraft:walk_one_cm":72644,"minecraft:mob_kills":9,"minecraft:damage_dealt":3240,"minecraft:interact_with_crafting_table":4,"minecraft:player_kills":4,"minecraft:fly_one_cm":67845,"minecraft:crouch_one_cm":994,"minecraft:play_time":29964,"minecraft:deaths":4,"minecraft:sneak_time":1135,"minecraft:walk_under_water_one_cm":1529,"minecraft:jump":539,"minecraft:walk_on_water_one_cm":2849,"minecraft:time_since_death":417,"minecraft:total_world_time":29964,"minecraft:fall_one_cm":13469},"minecraft:mined":{"minecraft:white_terracotta":4,"minecraft:red_terracotta":6,"minecraft:iron_ore":10,"minecraft:orange_terracotta":3,"minecraft:crafting_table":1,"minecraft:light_gray_terracotta":2,"minecraft:granite":1,"minecraft:pointed_dripstone":6,"minecraft:coal_ore":55,"minecraft:grass_block":3,"minecraft:oak_log":52,"minecraft:dead_bush":46,"minecraft:dripstone_block":31,"minecraft:dirt":9,"minecraft:terracotta":9,"minecraft:stone":47,"minecraft:oak_leaves":13},"minecraft:killed":{"minecraft:zombie":8,"minecraft:creeper":1}},"DataVersion":3465}