{"stats":{"minecraft:picked_up":{"minecraft:stick":11,"minecraft:crafting_table":1,"minecraft:potato":1,"minecraft:oak_log":16,"minecraft:dirt":1,"minecraft:rotten_flesh":2,"minecraft:red_sand":10,"minecraft:oak_sapling":1},"minecraft:used":{"minecraft:wooden_axe":8,"minecraft:red_sand":10,"minecraft:dirt":1,"minecraft:crafting_table":1},"minecraft:dropped":{"minecraft:rotten_flesh":2},"minecraft:killed_by":{"minecraft:player":4,"minecraft:skeleton":1,"minecraft:creeper":2,"minecraft:zombie":3},"minecraft:crafted":{"minecraft:oak_planks":64,"minecraft:crafting_table":1,"minecraft:stick":4,"minecraft:wooden_pickaxe":1,"minecraft:wooden_axe":1},"minecraft:custom":{"minecraft:time_since_rest":2638,"minecraft:sprint_one_cm":51177,"minecraft:damage_taken":2714,"minecraft:walk_one_cm":39349,"minecraft:mob_kills":2,"minecraft:drop":2,"minecraft:damage_dealt":877,"minecraft:interact_with_crafting_table":3,"minecraft:fly_one_cm":99999,"minecraft:crouch_one_cm":42,"minecraft:play_time":20730,"minecraft:deaths":10,"minecraft:sneak_time":104,"minecraft:walk_under_water_one_cm":1283,"minecraft:jump":510,"minecraft:leave_game":2,"minecraft:walk_on_water_one_cm":51,"minecraft:time_since_death":2576,"minecraft:total_world_time":20730,"minecraft:fall_one_cm":9464},"minecraft:mined":{"minecraft:crafting_table":1,"minecraft:red_sand":10,"minecraft:grass_block":1,"minecraft:oak_log":16,"minecraft:dead_bush":9,"minecraft:oak_leaves":4},"minecraft:killed":{"minecraft:zombie":2}},"DataVersion":3465}