{"stats":{"minecraft:picked_up":{"minecraft:stick":1,"minecraft:rotten_flesh":2,"minecraft:red_sand":10,"minecraft:oak_log":6,"minecraft:oak_sapling":1},"minecraft:used":{"minecraft:red_sand":10},"minecraft:dropped":{"minecraft:rotten_flesh":2},"minecraft:killed_by":{"minecraft:zombie":1,"minecraft:player":3},"minecraft:crafted":{"minecraft:oak_planks":24},"minecraft:custom":{"minecraft:time_since_rest":1080,"minecraft:crouch_one_cm":42,"minecraft:walk_one_cm":17916,"minecraft:play_time":8792,"minecraft:sprint_one_cm":11422,"minecraft:damage_taken":979,"minecraft:deaths":4,"minecraft:sneak_time":104,"minecraft:drop":2,"minecraft:jump":190,"minecraft:damage_dealt":439,"minecraft:time_since_death":898,"minecraft:total_world_time":8792,"minecraft:fall_one_cm":2835,"minecraft:fly_one_cm":25301},"minecraft:mined":{"minecraft:red_sand":10,"minecraft:oak_log":6,"minecraft:dead_bush":2}},"DataVersion":3465}