{"stats":{"minecraft:picked_up":{"minecraft:stick":13,"minecraft:crafting_table":1,"minecraft:potato":1,"minecraft:oak_log":16,"minecraft:dirt":1,"minecraft:rotten_flesh":2,"minecraft:red_sand":10,"minecraft:oak_sapling":1,"minecraft:sugar_cane":3},"minecraft:used":{"minecraft:wooden_axe":8,"minecraft:red_sand":10,"minecraft:dirt":1,"minecraft:crafting_table":1},"minecraft:dropped":{"minecraft:sugar_cane":1,"minecraft:rotten_flesh":2},"minecraft:killed_by":{"minecraft:player":4,"minecraft:skeleton":2,"minecraft:creeper":2,"minecraft:zombie":3},"minecraft:crafted":{"minecraft:oak_planks":64,"minecraft:crafting_table":1,"minecraft:stick":4,"minecraft:wooden_pickaxe":1,"minecraft:wooden_axe":1},"minecraft:custom":{"minecraft:time_since_rest":5047,"minecraft:sprint_one_cm":95061,"minecraft:damage_taken":3299,"minecraft:walk_one_cm":59623,"minecraft:mob_kills":2,"minecraft:drop":3,"minecraft:damage_dealt":900,"minecraft:swim_one_cm":64250,"minecraft:interact_with_crafting_table":3,"minecraft:fly_one_cm":196168,"minecraft:crouch_one_cm":42,"minecraft:play_time":42047,"minecraft:deaths":12,"minecraft:sneak_time":113,"minecraft:walk_under_water_one_cm":6266,"minecraft:jump":888,"minecraft:leave_game":2,"minecraft:walk_on_water_one_cm":4261,"minecraft:time_since_death":5011,"minecraft:total_world_time":42047,"minecraft:fall_one_cm":24148},"minecraft:mined":{"minecraft:crafting_table":1,"minecraft:red_sand":10,"minecraft:grass_block":1,"minecraft:oak_log":16,"minecraft:dead_bush":10,"minecraft:sugar_cane":1,"minecraft:oak_leaves":4},"minecraft:killed":{"minecraft:zombie":2}},"DataVersion":3465}